subdomain_key,subdomain_label,procedure_code,procedure_title,operation_group,operation_key,agency,submission_methods,processing_time_values,document_group_count,result_count,raw_data_available,source_url,raw_data_file
dang_kiem_phuong_tien,Đăng kiểm phương tiện,1.000010,"Đánh giá, chứng nhận năng lực cơ sở thử nghiệm, cung cấp dịch vụ kiểm tra, thử trang thiết bị an toàn và cơ sở chế tạo liên quan đến chất lượng an toàn kỹ thuật và phòng ngừa ô nhiễm môi trường tàu biển",dang_kiem_khac,danh_gia_chung_nhan_nang_luc_co_so_thu_nghiem_cung_cap_dich_vu_kiem_tra_thu_trang_thiet_bi_an_toan_va_co_so_che_tao_lien_quan_den_chat_luong_an_toan_ky_thuat_va_phong_ngua_o_nhiem_moi_truong_tau_bien,,Trực tuyến | Dịch vụ bưu chính | Trực tiếp,1 ngày làm việc | 1 ngày làm việc | 1 ngày làm việc,0,1,True,https://dichvucong.gov.vn/thu-tuc-hanh-chinh/019d2bfe-03ae-70ab-a3d7-d87d3f86c872,C:\Users\ku060\Downloads\VAIC source\data-pipeline\raw_data\1_000010\1_000010_procedure_detail.md
dang_kiem_phuong_tien,Đăng kiểm phương tiện,1.000017,"Cấp lại Giấy chứng nhận, tem kiểm định chất lượng, an toàn kỹ thuật và bảo vệ môi trường phương tiện giao thông đường sắt",kiem_dinh_phuong_tien,cap_lai_giay_chung_nhan_tem_kiem_dinh_chat_luong_an_toan_ky_thuat_va_bao_ve_moi_truong_phuong_tien_giao_thong_duong_sat,Cục Đăng kiểm Việt Nam,Trực tuyến | Dịch vụ bưu chính | Trực tiếp,1 ngày làm việc | 1 ngày làm việc | 1 ngày làm việc,0,1,True,https://dichvucong.gov.vn/thu-tuc-hanh-chinh/019d2bfe-03b2-74d9-b638-bab93914cf45,C:\Users\ku060\Downloads\VAIC source\data-pipeline\raw_data\1_000017\1_000017_procedure_detail.md
dang_kiem_phuong_tien,Đăng kiểm phương tiện,1.000256,Phê duyệt Bản công bố phù hợp Lao động hàng hải phần II và cấp Giấy chứng nhận Lao động hàng hải,dang_kiem_hang_hai,phe_duyet_ban_cong_bo_phu_hop_lao_dong_hang_hai_phan_ii_va_cap_giay_chung_nhan_lao_dong_hang_hai,Cục Đăng kiểm Việt Nam,Dịch vụ bưu chính | Trực tiếp,1 ngày làm việc | 1 ngày làm việc,0,2,True,https://dichvucong.gov.vn/thu-tuc-hanh-chinh/019d2bfe-0b52-70a8-a2f8-47be3af25822,C:\Users\ku060\Downloads\VAIC source\data-pipeline\raw_data\1_000256\1_000256_procedure_detail.md
dang_kiem_phuong_tien,Đăng kiểm phương tiện,1.000300,Cấp Giấy chứng nhận thợ hàn,dang_kiem_khac,cap_giay_chung_nhan_tho_han,,Trực tuyến | Dịch vụ bưu chính | Trực tiếp,3 ngày làm việc | 3 ngày làm việc | 3 ngày làm việc,0,1,True,https://dichvucong.gov.vn/thu-tuc-hanh-chinh/019d2bfe-0b54-765d-aeaf-c9928d274c07,C:\Users\ku060\Downloads\VAIC source\data-pipeline\raw_data\1_000300\1_000300_procedure_detail.md
dang_kiem_phuong_tien,Đăng kiểm phương tiện,1.001296,Cấp lại Giấy chứng nhận đủ điều kiện hoạt động kiểm định xe cơ giới,dieu_kien_hoat_dong_dang_kiem,cap_lai_giay_chung_nhan_du_dieu_kien_hoat_dong_kiem_dinh_xe_co_gioi,,Trực tuyến | Dịch vụ bưu chính | Trực tiếp,3 ngày làm việc | 3 ngày làm việc | 2 ngày làm việc,0,1,True,https://dichvucong.gov.vn/thu-tuc-hanh-chinh/019d2bfe-1329-7619-933e-574bcf9fdb44,C:\Users\ku060\Downloads\VAIC source\data-pipeline\raw_data\1_001296\1_001296_procedure_detail.md
dang_kiem_phuong_tien,Đăng kiểm phương tiện,1.001319,Cấp mới Chứng chỉ đăng kiểm viên phương tiện giao thông đường bộ,dang_kiem_vien,cap_moi_chung_chi_dang_kiem_vien_phuong_tien_giao_thong_duong_bo,Cục Đăng kiểm Việt Nam; Sở Xây dựng,Trực tuyến | Dịch vụ bưu chính | Trực tiếp,5 ngày làm việc | 5 ngày làm việc | 5 ngày làm việc,2,2,True,https://dichvucong.gov.vn/thu-tuc-hanh-chinh/019d2bfe-132d-72b9-8f45-52f0f355e906,C:\Users\ku060\Downloads\VAIC source\data-pipeline\raw_data\1_001319\1_001319_procedure_detail.md
dang_kiem_phuong_tien,Đăng kiểm phương tiện,1.001322,Cấp mới Giấy chứng nhận đủ điều kiện hoạt động kiểm định xe cơ giới,dieu_kien_hoat_dong_dang_kiem,cap_moi_giay_chung_nhan_du_dieu_kien_hoat_dong_kiem_dinh_xe_co_gioi,,Trực tuyến | Dịch vụ bưu chính | Trực tiếp,2 ngày làm việc | 2 ngày làm việc | 2 ngày làm việc,2,1,True,https://dichvucong.gov.vn/thu-tuc-hanh-chinh/019d2bfe-1325-77bb-9bd8-7c81a9517868,C:\Users\ku060\Downloads\VAIC source\data-pipeline\raw_data\1_001322\1_001322_procedure_detail.md
dang_kiem_phuong_tien,Đăng kiểm phương tiện,1.004268,Cấp Giấy chứng nhận Lao động hàng hải tạm thời,dang_kiem_hang_hai,cap_giay_chung_nhan_lao_dong_hang_hai_tam_thoi,Cục Đăng kiểm Việt Nam,Trực tuyến | Dịch vụ bưu chính | Trực tiếp,1 ngày làm việc | 1 ngày làm việc | 1 ngày làm việc,0,1,True,https://dichvucong.gov.vn/thu-tuc-hanh-chinh/019d2bfe-4229-7394-9af0-c1cfe14ce8b2,C:\Users\ku060\Downloads\VAIC source\data-pipeline\raw_data\1_004268\1_004268_procedure_detail.md
dang_kiem_phuong_tien,Đăng kiểm phương tiện,1.004281,Phê duyệt kế hoạch an ninh tàu biển theo Bộ luật Quốc tế về an ninh tàu biển và cảng biển (Bộ Luật ISPS),dang_kiem_hang_hai,phe_duyet_ke_hoach_an_ninh_tau_bien_theo_bo_luat_quoc_te_ve_an_ninh_tau_bien_va_cang_bien_bo_luat_isps,Cục Đăng kiểm Việt Nam; Trung tâm Chứng nhận hệ thống quản lý chất lượng và an toàn (VRQC),Dịch vụ bưu chính | Trực tiếp,1 ngày làm việc | 1 ngày làm việc,0,1,True,https://dichvucong.gov.vn/thu-tuc-hanh-chinh/019d2bfe-4244-74ff-9a99-aec8749319b9,C:\Users\ku060\Downloads\VAIC source\data-pipeline\raw_data\1_004281\1_004281_procedure_detail.md
dang_kiem_phuong_tien,Đăng kiểm phương tiện,1.004296,Cấp Giấy chứng nhận quốc tế về an ninh tàu biển theo Bộ luật Quốc tế về an ninh tàu biển và cảng biển(Bộ luật ISPS),dang_kiem_hang_hai,cap_giay_chung_nhan_quoc_te_ve_an_ninh_tau_bien_theo_bo_luat_quoc_te_ve_an_ninh_tau_bien_va_cang_bien_bo_luat_isps,Cục Đăng kiểm Việt Nam; Trung tâm Chứng nhận hệ thống quản lý chất lượng và an toàn (VRQC),Dịch vụ bưu chính | Trực tiếp,1 ngày làm việc | 1 ngày làm việc,0,2,True,https://dichvucong.gov.vn/thu-tuc-hanh-chinh/019d2bfe-425c-7609-a603-e0d5e4aba0b0,C:\Users\ku060\Downloads\VAIC source\data-pipeline\raw_data\1_004296\1_004296_procedure_detail.md
dang_kiem_phuong_tien,Đăng kiểm phương tiện,1.004424,Công nhận đăng kiểm viên phương tiện thủy nội địa,dang_kiem_vien,cong_nhan_dang_kiem_vien_phuong_tien_thuy_noi_dia,Cục Đăng kiểm Việt Nam,Trực tuyến | Dịch vụ bưu chính | Trực tiếp,3 ngày làm việc | 3 ngày làm việc | 3 ngày làm việc,0,1,True,https://dichvucong.gov.vn/thu-tuc-hanh-chinh/019d2bfe-49fa-77d9-894d-a6349c4c8a1b,C:\Users\ku060\Downloads\VAIC source\data-pipeline\raw_data\1_004424\1_004424_procedure_detail.md
dang_kiem_phuong_tien,Đăng kiểm phương tiện,1.004990,"Cấp Giấy chứng nhận, tem kiểm định chất lượng, an toàn kỹ thuật và bảo vệ môi trường phương tiện giao thông đường sắt",kiem_dinh_phuong_tien,cap_giay_chung_nhan_tem_kiem_dinh_chat_luong_an_toan_ky_thuat_va_bao_ve_moi_truong_phuong_tien_giao_thong_duong_sat,Cục Đăng kiểm Việt Nam,Trực tuyến | Dịch vụ bưu chính | Trực tiếp,3 ngày làm việc | 3 ngày làm việc | 3 ngày làm việc,1,2,True,https://dichvucong.gov.vn/thu-tuc-hanh-chinh/019d2bfe-51d0-7385-851f-f4b9a382d1c8,C:\Users\ku060\Downloads\VAIC source\data-pipeline\raw_data\1_004990\1_004990_procedure_detail.md
dang_kiem_phuong_tien,Đăng kiểm phương tiện,1.005103,"Cấp Giấy chứng nhận kiểm định, Tem kiểm định an toàn kỹ thuật và bảo vệ môi trường cho xe cơ giới (trừ xe mô tô, xe gắn máy)",kiem_dinh_phuong_tien,cap_giay_chung_nhan_kiem_dinh_tem_kiem_dinh_an_toan_ky_thuat_va_bao_ve_moi_truong_cho_xe_co_gioi_tru_xe_mo_to_xe_gan_may,"Cơ sở đăng kiểm (xe cơ giới, xe máy chuyên dùng)",Trực tuyến | Dịch vụ bưu chính | Trực tiếp,1 ngày | 1 ngày | 1 ngày,3,2,True,https://dichvucong.gov.vn/thu-tuc-hanh-chinh/019d2bfe-51ea-7087-88a6-83e82cb71b4c,C:\Users\ku060\Downloads\VAIC source\data-pipeline\raw_data\1_005103\1_005103_procedure_detail.md
dang_kiem_phuong_tien,Đăng kiểm phương tiện,1.011871,Cấp Giấy chứng nhận chất lượng an toàn kỹ thuật và bảo vệ môi trường xe cơ giới nhập khẩu (theo Nghị định số 60/2023/NĐ-CP),chung_nhan_chat_luong,cap_giay_chung_nhan_chat_luong_an_toan_ky_thuat_va_bao_ve_moi_truong_xe_co_gioi_nhap_khau_theo_nghi_dinh_so_60_2023_nd_cp,Cục Đăng kiểm Việt Nam,Trực tuyến | Trực tiếp,4 ngày làm việc | 1 ngày làm việc,0,2,True,https://dichvucong.gov.vn/thu-tuc-hanh-chinh/019d2bfe-795c-7216-b5ff-794e5c634ac7,C:\Users\ku060\Downloads\VAIC source\data-pipeline\raw_data\1_011871\1_011871_procedure_detail.md
dang_kiem_phuong_tien,Đăng kiểm phương tiện,1.011872,Cấp Thông báo miễn kiểm tra chất lượng an toàn kỹ thuật và bảo vệ môi trường linh kiện nhập khẩu (theo Nghị định số 60/2023/NĐ-CP),dang_kiem_khac,cap_thong_bao_mien_kiem_tra_chat_luong_an_toan_ky_thuat_va_bao_ve_moi_truong_linh_kien_nhap_khau_theo_nghi_dinh_so_60_2023_nd_cp,Cục Đăng kiểm Việt Nam,Trực tuyến | Trực tiếp,1 ngày làm việc | 7 ngày làm việc,0,1,True,https://dichvucong.gov.vn/thu-tuc-hanh-chinh/019d2bfe-795b-745a-bab6-d746f7d95618,C:\Users\ku060\Downloads\VAIC source\data-pipeline\raw_data\1_011872\1_011872_procedure_detail.md
dang_kiem_phuong_tien,Đăng kiểm phương tiện,1.011873,Cấp lại Giấy chứng nhận chất lượng an toàn kỹ thuật và bảo vệ môi trường xe cơ giới nhập khẩu (theo Nghị định số 60/2023/NĐ-CP),chung_nhan_chat_luong,cap_lai_giay_chung_nhan_chat_luong_an_toan_ky_thuat_va_bao_ve_moi_truong_xe_co_gioi_nhap_khau_theo_nghi_dinh_so_60_2023_nd_cp,Trung tâm Đăng kiểm phương tiện giao thông đường bộ và đường sắt (NVICC),Trực tuyến | Dịch vụ bưu chính | Trực tiếp,24 ngày làm việc | 24 ngày làm việc | 2 ngày làm việc,0,1,True,https://dichvucong.gov.vn/thu-tuc-hanh-chinh/019d2bfe-795c-7649-93d9-15f2c5c79beb,C:\Users\ku060\Downloads\VAIC source\data-pipeline\raw_data\1_011873\1_011873_procedure_detail.md
dang_kiem_phuong_tien,Đăng kiểm phương tiện,1.011874,Cấp lại Thông báo miễn kiểm tra chất lượng an toàn kỹ thuật và bảo vệ môi trường linh kiện nhập khẩu (theo Nghị định số 60/2023/NĐ-CP),dang_kiem_khac,cap_lai_thong_bao_mien_kiem_tra_chat_luong_an_toan_ky_thuat_va_bao_ve_moi_truong_linh_kien_nhap_khau_theo_nghi_dinh_so_60_2023_nd_cp,Trung tâm Đăng kiểm phương tiện giao thông đường bộ và đường sắt (NVICC),Trực tuyến | Dịch vụ bưu chính | Trực tiếp,24 ngày làm việc | 24 ngày làm việc | 2 ngày làm việc,0,1,True,https://dichvucong.gov.vn/thu-tuc-hanh-chinh/019d2bfe-7952-7162-ba46-34f00f633bc7,C:\Users\ku060\Downloads\VAIC source\data-pipeline\raw_data\1_011874\1_011874_procedure_detail.md
dang_kiem_phuong_tien,Đăng kiểm phương tiện,1.013071,Cấp lại Chứng chỉ đăng kiểm viên phương tiện giao thông đường bộ,dang_kiem_vien,cap_lai_chung_chi_dang_kiem_vien_phuong_tien_giao_thong_duong_bo,Cục Đăng kiểm Việt Nam; Sở Xây dựng,Trực tuyến | Dịch vụ bưu chính | Trực tiếp,5 ngày làm việc | 5 ngày làm việc | 5 ngày làm việc,5,2,True,https://dichvucong.gov.vn/thu-tuc-hanh-chinh/019d2bfe-88c9-76e8-8379-391ab5f955d4,C:\Users\ku060\Downloads\VAIC source\data-pipeline\raw_data\1_013071\1_013071_procedure_detail.md
dang_kiem_phuong_tien,Đăng kiểm phương tiện,1.013089,"Cấp Giấy chứng nhận kiểm định, Tem kiểm định an toàn kỹ thuật và bảo vệ môi trường cho xe cơ giới (trừ xe mô tô, xe gắn máy), xe máy chuyên dùng trong trường hợp miễn kiểm định lần đầu",kiem_dinh_phuong_tien,cap_giay_chung_nhan_kiem_dinh_tem_kiem_dinh_an_toan_ky_thuat_va_bao_ve_moi_truong_cho_xe_co_gioi_tru_xe_mo_to_xe_gan_may_xe_may_chuyen_dung_trong_truong_hop_mien_kiem_dinh_lan_dau,"Cơ sở đăng kiểm (xe cơ giới, xe máy chuyên dùng)",Trực tuyến | Trực tiếp,1 ngày | 1 ngày,2,1,True,https://dichvucong.gov.vn/thu-tuc-hanh-chinh/019d2bfe-88cc-7115-9d4e-1427f2ff78f3,C:\Users\ku060\Downloads\VAIC source\data-pipeline\raw_data\1_013089\1_013089_procedure_detail.md
dang_kiem_phuong_tien,Đăng kiểm phương tiện,1.013092,"Cấp lại Giấy chứng nhận kiểm định, Tem kiểm định an toàn kỹ thuật và bảo vệ môi trường cho xe cơ giới (trừ xe mô tô, xe gắn máy), xe máy chuyên dùng",kiem_dinh_phuong_tien,cap_lai_giay_chung_nhan_kiem_dinh_tem_kiem_dinh_an_toan_ky_thuat_va_bao_ve_moi_truong_cho_xe_co_gioi_tru_xe_mo_to_xe_gan_may_xe_may_chuyen_dung,"Cơ sở đăng kiểm (xe cơ giới, xe máy chuyên dùng)",Trực tuyến | Trực tiếp,1 ngày | 1 ngày,0,1,True,https://dichvucong.gov.vn/thu-tuc-hanh-chinh/019d2bfe-88e4-72db-811b-bc7decdf8be6,C:\Users\ku060\Downloads\VAIC source\data-pipeline\raw_data\1_013092\1_013092_procedure_detail.md
dang_kiem_phuong_tien,Đăng kiểm phương tiện,1.013097,Cấp lại giấy chứng nhận cải tạo,dang_kiem_khac,cap_lai_giay_chung_nhan_cai_tao,"Cơ sở đăng kiểm (xe cơ giới, xe máy chuyên dùng)",Trực tuyến | Dịch vụ bưu chính | Trực tiếp,1.5 ngày làm việc | 1.5 ngày làm việc | 1.5 ngày làm việc,2,1,True,https://dichvucong.gov.vn/thu-tuc-hanh-chinh/019d2bfe-88d8-74ff-92d3-d2e5b2eb9592,C:\Users\ku060\Downloads\VAIC source\data-pipeline\raw_data\1_013097\1_013097_procedure_detail.md
dang_kiem_phuong_tien,Đăng kiểm phương tiện,1.013101,"Chứng nhận kiểm định khí thải xe mô tô, xe gắn máy",kiem_dinh_khi_thai,chung_nhan_kiem_dinh_khi_thai_xe_mo_to_xe_gan_may,"Cơ sở đăng kiểm (xe cơ giới, xe máy chuyên dùng)",Trực tuyến | Trực tiếp,1 ngày | 1 ngày,1,1,True,https://dichvucong.gov.vn/thu-tuc-hanh-chinh/019d2bfe-88d9-71d3-a4bd-9dea256921d5,C:\Users\ku060\Downloads\VAIC source\data-pipeline\raw_data\1_013101\1_013101_procedure_detail.md
dang_kiem_phuong_tien,Đăng kiểm phương tiện,1.013105,"Cấp mới Giấy chứng nhận đủ điều kiện hoạt động kiểm định khí thải xe mô tô, xe gắn máy",kiem_dinh_khi_thai,cap_moi_giay_chung_nhan_du_dieu_kien_hoat_dong_kiem_dinh_khi_thai_xe_mo_to_xe_gan_may,,Trực tuyến | Dịch vụ bưu chính | Trực tiếp,2 ngày làm việc | 2 ngày làm việc | 2 ngày làm việc,2,1,True,https://dichvucong.gov.vn/thu-tuc-hanh-chinh/019d2bfe-8904-77e3-ae66-7e190a854e46,C:\Users\ku060\Downloads\VAIC source\data-pipeline\raw_data\1_013105\1_013105_procedure_detail.md
dang_kiem_phuong_tien,Đăng kiểm phương tiện,1.013110,"Cấp lại Giấy chứng nhận đủ điều kiện hoạt động kiểm định khí thải xe mô tô, xe gắn máy",kiem_dinh_khi_thai,cap_lai_giay_chung_nhan_du_dieu_kien_hoat_dong_kiem_dinh_khi_thai_xe_mo_to_xe_gan_may,,Trực tuyến | Dịch vụ bưu chính | Trực tiếp,2 ngày làm việc | 2 ngày làm việc | 2 ngày làm việc,4,1,True,https://dichvucong.gov.vn/thu-tuc-hanh-chinh/019d2bfe-88e2-7194-87c5-ef405767b6e6,C:\Users\ku060\Downloads\VAIC source\data-pipeline\raw_data\1_013110\1_013110_procedure_detail.md
dang_kiem_phuong_tien,Đăng kiểm phương tiện,1.013205,"Cấp Giấy chứng nhận kiểm định, Tem kiểm định an toàn kỹ thuật và bảo vệ môi trường cho xe máy chuyên dùng",kiem_dinh_phuong_tien,cap_giay_chung_nhan_kiem_dinh_tem_kiem_dinh_an_toan_ky_thuat_va_bao_ve_moi_truong_cho_xe_may_chuyen_dung,"Cơ sở đăng kiểm (xe cơ giới, xe máy chuyên dùng)",Trực tuyến | Dịch vụ bưu chính | Trực tiếp,1 ngày | 1 ngày | 1 ngày,3,1,True,https://dichvucong.gov.vn/thu-tuc-hanh-chinh/019d2bfe-88f4-7608-adaa-ce81eb94c5ce,C:\Users\ku060\Downloads\VAIC source\data-pipeline\raw_data\1_013205\1_013205_procedure_detail.md
dang_kiem_phuong_tien,Đăng kiểm phương tiện,1.013206,"Chứng nhận an toàn kỹ thuật và bảo vệ môi trường đối với xe cơ giới cải tạo, xe máy chuyên dùng cải tạo",dang_kiem_khac,chung_nhan_an_toan_ky_thuat_va_bao_ve_moi_truong_doi_voi_xe_co_gioi_cai_tao_xe_may_chuyen_dung_cai_tao,"Cơ sở đăng kiểm (xe cơ giới, xe máy chuyên dùng)",Trực tuyến | Dịch vụ bưu chính | Trực tiếp,1 ngày | 1 ngày | 1 ngày,3,2,True,https://dichvucong.gov.vn/thu-tuc-hanh-chinh/019d2bfe-890f-728b-a561-64a76c5e1151,C:\Users\ku060\Downloads\VAIC source\data-pipeline\raw_data\1_013206\1_013206_procedure_detail.md
dang_kiem_phuong_tien,Đăng kiểm phương tiện,1.013327,"Chứng nhận chất lượng an toàn kỹ thuật và bảo vệ môi trường xe cơ giới, xe máy chuyên dùng",chung_nhan_chat_luong,chung_nhan_chat_luong_an_toan_ky_thuat_va_bao_ve_moi_truong_xe_co_gioi_xe_may_chuyen_dung,Cục Đăng kiểm Việt Nam,Trực tuyến | Trực tiếp,1 ngày | 1 ngày,2,1,True,https://dichvucong.gov.vn/thu-tuc-hanh-chinh/019d2bfe-90c8-7776-8647-a3c86bd657ee,C:\Users\ku060\Downloads\VAIC source\data-pipeline\raw_data\1_013327\1_013327_procedure_detail.md
dang_kiem_phuong_tien,Đăng kiểm phương tiện,1.013328,Chứng nhận chất lượng an toàn kỹ thuật và bảo vệ môi trường phụ tùng xe cơ giới,chung_nhan_chat_luong,chung_nhan_chat_luong_an_toan_ky_thuat_va_bao_ve_moi_truong_phu_tung_xe_co_gioi,Cục Đăng kiểm Việt Nam,Trực tuyến | Trực tiếp,7 ngày làm việc | 3 ngày làm việc,2,1,True,https://dichvucong.gov.vn/thu-tuc-hanh-chinh/019d2bfe-90c6-71f9-8294-913725a2c6e8,C:\Users\ku060\Downloads\VAIC source\data-pipeline\raw_data\1_013328\1_013328_procedure_detail.md
dang_kiem_phuong_tien,Đăng kiểm phương tiện,1.013329,"Cấp đổi Chứng chỉ chất lượng xe cơ giới, xe máy chuyên dùng, phụ tùng xe cơ giới",chung_nhan_chat_luong,cap_doi_chung_chi_chat_luong_xe_co_gioi_xe_may_chuyen_dung_phu_tung_xe_co_gioi,Cục Đăng kiểm Việt Nam,Trực tuyến | Trực tiếp,2 ngày làm việc | 2 ngày làm việc,0,1,True,https://dichvucong.gov.vn/thu-tuc-hanh-chinh/019d2bfe-90e2-726c-8986-5c283d81cfb1,C:\Users\ku060\Downloads\VAIC source\data-pipeline\raw_data\1_013329\1_013329_procedure_detail.md
dang_kiem_phuong_tien,Đăng kiểm phương tiện,1.013330,"Cấp lại Chứng chỉ chất lượng xe cơ giới, xe máy chuyên dùng, phụ tùng xe cơ giới trong trường hợp bị mất",chung_nhan_chat_luong,cap_lai_chung_chi_chat_luong_xe_co_gioi_xe_may_chuyen_dung_phu_tung_xe_co_gioi_trong_truong_hop_bi_mat,Cục Đăng kiểm Việt Nam,Trực tuyến | Trực tiếp,3 ngày làm việc | 3 ngày làm việc,0,1,True,https://dichvucong.gov.vn/thu-tuc-hanh-chinh/019d2bfe-90cb-76fc-8a4c-3b45482302e8,C:\Users\ku060\Downloads\VAIC source\data-pipeline\raw_data\1_013330\1_013330_procedure_detail.md
dang_kiem_phuong_tien,Đăng kiểm phương tiện,1.013331,"Cấp lại Chứng chỉ chất lượng phụ tùng xe cơ giới trong trường hợp Chứng chỉ chất lượng hết hiệu lực hoặc thay đổi nội dung thông tin về tên, địa chỉ liên quan đến người nhập khẩu trên chứng chỉ chất lượng",chung_nhan_chat_luong,cap_lai_chung_chi_chat_luong_phu_tung_xe_co_gioi_trong_truong_hop_chung_chi_chat_luong_het_hieu_luc_hoac_thay_doi_noi_dung_thong_tin_ve_ten_dia_chi_lien_quan_den_nguoi_nhap_khau_tren_chung_chi_chat_luong,Cục Đăng kiểm Việt Nam,Trực tuyến | Trực tiếp,7 ngày làm việc | 4 ngày làm việc,2,1,True,https://dichvucong.gov.vn/thu-tuc-hanh-chinh/019d2bfe-90c5-71fe-8db1-33527a7e2da3,C:\Users\ku060\Downloads\VAIC source\data-pipeline\raw_data\1_013331\1_013331_procedure_detail.md
dang_kiem_phuong_tien,Đăng kiểm phương tiện,1.013332,"Cấp Giấy chứng nhận chất lượng an toàn kỹ thuật và bảo vệ môi trường xe cơ giới, xe máy chuyên dùng, phụ tùng xe cơ giới sản xuất, lắp ráp",chung_nhan_chat_luong,cap_giay_chung_nhan_chat_luong_an_toan_ky_thuat_va_bao_ve_moi_truong_xe_co_gioi_xe_may_chuyen_dung_phu_tung_xe_co_gioi_san_xuat_lap_rap,Cục Đăng kiểm Việt Nam,Trực tuyến | Dịch vụ bưu chính | Trực tiếp,5 ngày làm việc | 5 ngày làm việc | 5 ngày làm việc,6,3,True,https://dichvucong.gov.vn/thu-tuc-hanh-chinh/019d2bfe-90e8-77a9-8ec7-db9c5621c99f,C:\Users\ku060\Downloads\VAIC source\data-pipeline\raw_data\1_013332\1_013332_procedure_detail.md
dang_kiem_phuong_tien,Đăng kiểm phương tiện,1.013333,"Cấp lại Giấy chứng nhận chất lượng an toàn kỹ thuật và bảo vệ môi trường xe cơ giới, xe máy chuyên dùng, phụ tùng xe cơ giới sản xuất, lắp ráp",chung_nhan_chat_luong,cap_lai_giay_chung_nhan_chat_luong_an_toan_ky_thuat_va_bao_ve_moi_truong_xe_co_gioi_xe_may_chuyen_dung_phu_tung_xe_co_gioi_san_xuat_lap_rap,Cục Đăng kiểm Việt Nam,Trực tuyến | Dịch vụ bưu chính | Trực tiếp,5 ngày làm việc | 5 ngày làm việc | 5 ngày làm việc,3,2,True,https://dichvucong.gov.vn/thu-tuc-hanh-chinh/019d2bfe-90d3-7154-baa2-8b8347215ba4,C:\Users\ku060\Downloads\VAIC source\data-pipeline\raw_data\1_013333\1_013333_procedure_detail.md
dang_kiem_phuong_tien,Đăng kiểm phương tiện,1.013334,"Cấp mở rộng Giấy chứng nhận chất lượng an toàn kỹ thuật và bảo vệ môi trường xe cơ giới, xe máy chuyên dùng, phụ tùng xe cơ giới sản xuất, lắp ráp",chung_nhan_chat_luong,cap_mo_rong_giay_chung_nhan_chat_luong_an_toan_ky_thuat_va_bao_ve_moi_truong_xe_co_gioi_xe_may_chuyen_dung_phu_tung_xe_co_gioi_san_xuat_lap_rap,Cục Đăng kiểm Việt Nam,Trực tuyến | Dịch vụ bưu chính | Trực tiếp,5 ngày làm việc | 5 ngày làm việc | 5 ngày làm việc,1,2,True,https://dichvucong.gov.vn/thu-tuc-hanh-chinh/019d2bfe-90da-73b9-8158-00ff9f281660,C:\Users\ku060\Downloads\VAIC source\data-pipeline\raw_data\1_013334\1_013334_procedure_detail.md
dang_kiem_phuong_tien,Đăng kiểm phương tiện,1.013335,"Bổ sung hồ sơ đăng ký chứng nhận xe cơ giới, xe máy chuyên dùng, phụ tùng xe cơ giới sản xuất, lắp ráp đã được cấp giấy chứng nhận chất lượng an toàn kỹ thuật và bảo vệ môi trường",chung_nhan_chat_luong,bo_sung_ho_so_dang_ky_chung_nhan_xe_co_gioi_xe_may_chuyen_dung_phu_tung_xe_co_gioi_san_xuat_lap_rap_da_duoc_cap_giay_chung_nhan_chat_luong_an_toan_ky_thuat_va_bao_ve_moi_truong,Cục Đăng kiểm Việt Nam,Trực tuyến | Dịch vụ bưu chính | Trực tiếp,4 ngày làm việc | 4 ngày làm việc | 4 ngày làm việc,1,1,True,https://dichvucong.gov.vn/thu-tuc-hanh-chinh/019d2bfe-90f2-730c-8ee1-01ca42fa06b4,C:\Users\ku060\Downloads\VAIC source\data-pipeline\raw_data\1_013335\1_013335_procedure_detail.md
dang_kiem_phuong_tien,Đăng kiểm phương tiện,2.000082,"Cấp văn bản ủy quyền cho tổ chức đăng kiểm nước ngoài kiểm định, phân cấp và cấp giấy chứng nhận an toàn kỹ thuật về an toàn hàng hải, an ninh tàu biển, điều kiện bảo đảm lao động hàng hải và phòng ngừa ô nhiễm môi trường cho tàu biển Việt Nam",dang_kiem_hang_hai,cap_van_ban_uy_quyen_cho_to_chuc_dang_kiem_nuoc_ngoai_kiem_dinh_phan_cap_va_cap_giay_chung_nhan_an_toan_ky_thuat_ve_an_toan_hang_hai_an_ninh_tau_bien_dieu_kien_bao_dam_lao_dong_hang_hai_va_phong_ngua_o_nhiem_moi_truong_cho_tau_bien_viet_nam,Cục Đăng kiểm Việt Nam,Trực tuyến | Dịch vụ bưu chính | Trực tiếp,1 ngày làm việc | 1 ngày làm việc | 1 ngày làm việc,0,1,True,https://dichvucong.gov.vn/thu-tuc-hanh-chinh/019d2bfe-9857-73cd-aa71-9e5bbc775c45,C:\Users\ku060\Downloads\VAIC source\data-pipeline\raw_data\2_000082\2_000082_procedure_detail.md
dang_kiem_phuong_tien,Đăng kiểm phương tiện,5.003808,"Đề nghị kết nối, chia sẻ, sử dụng dữ liệu đăng kiểm phương tiện",du_lieu_dang_kiem,de_nghi_ket_noi_chia_se_su_dung_du_lieu_dang_kiem_phuong_tien,Cục Đăng kiểm Việt Nam,Trực tiếp | Trực tuyến | Dịch vụ bưu chính,1 ngày làm việc | 1 ngày làm việc | 1 ngày làm việc,0,1,True,https://dichvucong.gov.vn/thu-tuc-hanh-chinh/019dfca2-de48-7429-b88c-3ca310e1f56a,C:\Users\ku060\Downloads\VAIC source\data-pipeline\raw_data\5_003808\5_003808_procedure_detail.md
dang_kiem_phuong_tien,Đăng kiểm phương tiện,6.005678,Công nhận/công nhận lại đăng kiểm viên đường sắt/đăng kiểm viên đường sắt bậc cao: đường sắt bậc cao,dang_kiem_vien,cong_nhan_cong_nhan_lai_dang_kiem_vien_duong_sat_dang_kiem_vien_duong_sat_bac_cao_duong_sat_bac_cao,Cục Đăng kiểm Việt Nam,Trực tuyến | Trực tiếp | Dịch vụ bưu chính,30 ngày | 30 ngày | 30 ngày,3,1,True,https://dichvucong.gov.vn/thu-tuc-hanh-chinh/019d95c2-5084-729f-aa85-03ee8895d074,C:\Users\ku060\Downloads\VAIC source\data-pipeline\raw_data\6_005678\6_005678_procedure_detail.md
dang_kiem_phuong_tien,Đăng kiểm phương tiện,6.006590,Công nhận đăng kiểm viên đường sắt và đăng kiểm viên đường sắt bậc cao,dang_kiem_vien,cong_nhan_dang_kiem_vien_duong_sat_va_dang_kiem_vien_duong_sat_bac_cao,Cục Đăng kiểm Việt Nam,Trực tiếp | Trực tuyến | Dịch vụ bưu chính,1 ngày làm việc | 1 ngày làm việc | 1 ngày làm việc,0,1,True,https://dichvucong.gov.vn/thu-tuc-hanh-chinh/019dfc9a-2fe3-70a4-8bde-fcab7a78bb11,C:\Users\ku060\Downloads\VAIC source\data-pipeline\raw_data\6_006590\6_006590_procedure_detail.md
dang_ky_phuong_tien,Đăng ký phương tiện,1.012575,"Đăng ký xe lần đầu trực tuyến toàn trình đối với xe sản xuất lắp ráp trong nước thực hiện tại cấp tỉnh, cấp xã",dang_ky_lan_dau,dang_ky_xe_lan_dau_truc_tuyen_toan_trinh_doi_voi_xe_san_xuat_lap_rap_trong_nuoc_thuc_hien_tai_cap_tinh_cap_xa,Công an cấp Xã,Trực tuyến,2 ngày,0,2,True,https://dichvucong.gov.vn/thu-tuc-hanh-chinh/019d2bf7-8ec4-71e9-98c9-719f7565b157,C:\Users\ku060\Downloads\VAIC source\data-pipeline\raw_data\1_012575\1_012575_procedure_detail.md
dang_ky_phuong_tien,Đăng ký phương tiện,1.013065,"Thu hồi chứng nhận đăng ký xe, biển số xe thực hiện bằng dịch vụ công toàn trình",thu_hoi_dang_ky_xe,thu_hoi_chung_nhan_dang_ky_xe_bien_so_xe_thuc_hien_bang_dich_vu_cong_toan_trinh,Công an cấp Xã,Trực tuyến,8 ngày,0,1,True,https://dichvucong.gov.vn/thu-tuc-hanh-chinh/019d2bf7-8ecd-75f0-808d-63f5146ec72c,C:\Users\ku060\Downloads\VAIC source\data-pipeline\raw_data\1_013065\1_013065_procedure_detail.md
dang_ky_phuong_tien,Đăng ký phương tiện,1.013066,"Đăng ký xe lần đầu trực tuyến toàn trình đối với xe nhập khẩu thực hiện tại cấp tỉnh, cấp xã",dang_ky_lan_dau,dang_ky_xe_lan_dau_truc_tuyen_toan_trinh_doi_voi_xe_nhap_khau_thuc_hien_tai_cap_tinh_cap_xa,Công an cấp Xã,Trực tuyến | Trực tuyến,7 ngày làm việc | 2 ngày làm việc,0,2,True,https://dichvucong.gov.vn/thu-tuc-hanh-chinh/019d2bf7-8edd-763c-9b6c-c896b0afab8e,C:\Users\ku060\Downloads\VAIC source\data-pipeline\raw_data\1_013066\1_013066_procedure_detail.md
dang_ky_phuong_tien,Đăng ký phương tiện,1.013067,"Đăng ký, cấp biển số xe lần đầu thực hiện bằng dịch vụ công một phần hoặc trực tiếp thực hiện tại cấp trung ương, cấp tỉnh, cấp xã",dang_ky_khac,dang_ky_cap_bien_so_xe_lan_dau_thuc_hien_bang_dich_vu_cong_mot_phan_hoac_truc_tiep_thuc_hien_tai_cap_trung_uong_cap_tinh_cap_xa,Công an cấp Xã,Trực tiếp | Trực tiếp | Trực tiếp,7 ngày làm việc | 1 ngày | 2 ngày làm việc,0,2,True,https://dichvucong.gov.vn/thu-tuc-hanh-chinh/019d2bf7-8ebf-754a-8107-e996c9e1c18a,C:\Users\ku060\Downloads\VAIC source\data-pipeline\raw_data\1_013067\1_013067_procedure_detail.md
dang_ky_phuong_tien,Đăng ký phương tiện,1.013076,"Cấp chứng nhận đăng ký xe, biển số xe trong trường hợp thay đổi chủ xe (đăng ký sang tên xe) bằng dịch vụ công trực tuyến một phần hoặc trực tiếp thực hiện tại cấp trung ương, cấp tỉnh, cấp xã",sang_ten_xe,cap_chung_nhan_dang_ky_xe_bien_so_xe_trong_truong_hop_thay_doi_chu_xe_dang_ky_sang_ten_xe_bang_dich_vu_cong_truc_tuyen_mot_phan_hoac_truc_tiep_thuc_hien_tai_cap_trung_uong_cap_tinh_cap_xa,Công an cấp Xã,Trực tuyến | Trực tiếp | Trực tiếp | Trực tiếp | Trực tuyến | Trực tuyến,2 ngày làm việc | 2 ngày làm việc | 7 ngày làm việc | 1 ngày | 7 ngày làm việc | 1 ngày,2,2,True,https://dichvucong.gov.vn/thu-tuc-hanh-chinh/019d2bf7-963f-702b-a0a4-aa582fbc3473,C:\Users\ku060\Downloads\VAIC source\data-pipeline\raw_data\1_013076\1_013076_procedure_detail.md
dang_ky_phuong_tien,Đăng ký phương tiện,1.013079,"Đổi chứng nhận đăng ký xe, biển số xe bằng dịch vụ công trực tuyến một phần hoặc trực tiếp thực hiện tại cấp trung ương, cấp tỉnh, cấp xã",doi_dang_ky_xe,doi_chung_nhan_dang_ky_xe_bien_so_xe_bang_dich_vu_cong_truc_tuyen_mot_phan_hoac_truc_tiep_thuc_hien_tai_cap_trung_uong_cap_tinh_cap_xa,Công an cấp Xã,Trực tuyến | Trực tiếp | Trực tiếp | Trực tuyến,7 ngày làm việc | 7 ngày làm việc | 2 ngày làm việc | 2 ngày làm việc,0,2,True,https://dichvucong.gov.vn/thu-tuc-hanh-chinh/019d2bf7-963b-73f7-a52b-d50180c06bb5,C:\Users\ku060\Downloads\VAIC source\data-pipeline\raw_data\1_013079\1_013079_procedure_detail.md
dang_ky_phuong_tien,Đăng ký phương tiện,1.013080,"Cấp lại chứng nhận đăng ký xe, biển số xe thực hiện bằng dịch vụ công trực tuyến toàn trình",cap_lai_dang_ky_xe,cap_lai_chung_nhan_dang_ky_xe_bien_so_xe_thuc_hien_bang_dich_vu_cong_truc_tuyen_toan_trinh,Công an cấp Xã,Trực tuyến,2 ngày làm việc,0,2,True,https://dichvucong.gov.vn/thu-tuc-hanh-chinh/019d2bf7-9639-77ee-9eeb-986f541471c4,C:\Users\ku060\Downloads\VAIC source\data-pipeline\raw_data\1_013080\1_013080_procedure_detail.md
dang_ky_phuong_tien,Đăng ký phương tiện,1.013082,"Cấp lại chứng nhận đăng ký xe, biển số xe thực hiện bằng dịch vụ công trực tuyến một phần hoặc trực tiếp thực hiện tại cấp trung ương, cấp tỉnh, cấp xã",cap_lai_dang_ky_xe,cap_lai_chung_nhan_dang_ky_xe_bien_so_xe_thuc_hien_bang_dich_vu_cong_truc_tuyen_mot_phan_hoac_truc_tiep_thuc_hien_tai_cap_trung_uong_cap_tinh_cap_xa,Công an cấp Xã,Trực tuyến | Trực tiếp | Trực tuyến | Trực tiếp,2 ngày làm việc | 2 ngày làm việc | 7 ngày làm việc | 7 ngày làm việc,0,2,True,https://dichvucong.gov.vn/thu-tuc-hanh-chinh/019d2bf7-9642-75f8-abd2-facca0a4f6c0,C:\Users\ku060\Downloads\VAIC source\data-pipeline\raw_data\1_013082\1_013082_procedure_detail.md
dang_ky_phuong_tien,Đăng ký phương tiện,1.013083,Đăng ký xe tạm thời thực hiện bằng dịch vụ công trực tuyến toàn trình,dang_ky_tam_thoi,dang_ky_xe_tam_thoi_thuc_hien_bang_dich_vu_cong_truc_tuyen_toan_trinh,Công an cấp Xã,Trực tuyến,8 ngày,0,2,True,https://dichvucong.gov.vn/thu-tuc-hanh-chinh/019d2bf7-963b-73f7-a52b-d2dc1409f36a,C:\Users\ku060\Downloads\VAIC source\data-pipeline\raw_data\1_013083\1_013083_procedure_detail.md
dang_ky_phuong_tien,Đăng ký phương tiện,1.013086,"Đăng ký xe tạm thời thực hiện bằng dịch vụ công trực tuyến một phần hoặc trực tiếp thực hiện tại cấp trung ương, cấp tỉnh, cấp xã",dang_ky_tam_thoi,dang_ky_xe_tam_thoi_thuc_hien_bang_dich_vu_cong_truc_tuyen_mot_phan_hoac_truc_tiep_thuc_hien_tai_cap_trung_uong_cap_tinh_cap_xa,Công an cấp Xã,Trực tuyến | Trực tiếp,1 ngày làm việc | 1 ngày làm việc,0,2,True,https://dichvucong.gov.vn/thu-tuc-hanh-chinh/019d2bf7-9642-716f-9a83-842d15addcb8,C:\Users\ku060\Downloads\VAIC source\data-pipeline\raw_data\1_013086\1_013086_procedure_detail.md
dang_ky_phuong_tien,Đăng ký phương tiện,1.013123,"Thu hồi giấy chứng nhận đăng ký, biển số xe thực hiện bằng dịch vụ công trực tuyến một phần hoặc trực tiếp thực hiện tại cấp trung ương, cấp tỉnh, cấp xã",thu_hoi_dang_ky_xe,thu_hoi_giay_chung_nhan_dang_ky_bien_so_xe_thuc_hien_bang_dich_vu_cong_truc_tuyen_mot_phan_hoac_truc_tiep_thuc_hien_tai_cap_trung_uong_cap_tinh_cap_xa,Công an cấp Xã,Trực tuyến | Trực tiếp,2 ngày làm việc | 2 ngày làm việc,0,1,True,https://dichvucong.gov.vn/thu-tuc-hanh-chinh/019d2bf7-963c-758d-a83d-8a710bdb175d,C:\Users\ku060\Downloads\VAIC source\data-pipeline\raw_data\1_013123\1_013123_procedure_detail.md
dang_ky_phuong_tien,Đăng ký phương tiện,3.000381,Thu hồi Giấy phép hoạt động đối với phương tiện giao thông thông minh tại Cục cảnh sát giao thông,phuong_tien_thong_minh,thu_hoi_giay_phep_hoat_dong_doi_voi_phuong_tien_giao_thong_thong_minh_tai_cuc_canh_sat_giao_thong,,Trực tiếp,1 ngày làm việc,0,1,True,https://dichvucong.gov.vn/thu-tuc-hanh-chinh/019d2bf7-c571-77eb-aedb-22b4e41920e8,C:\Users\ku060\Downloads\VAIC source\data-pipeline\raw_data\3_000381\3_000381_procedure_detail.md
dang_ky_phuong_tien,Đăng ký phương tiện,3.000382,Cấp lại Giấy phép hoạt động đối với phương tiện giao thông thông minh tại Cục Cảnh sát giao thông,phuong_tien_thong_minh,cap_lai_giay_phep_hoat_dong_doi_voi_phuong_tien_giao_thong_thong_minh_tai_cuc_canh_sat_giao_thong,,Trực tuyến | Dịch vụ bưu chính | Trực tiếp,2 ngày làm việc | 2 ngày làm việc | 2 ngày làm việc,0,1,True,https://dichvucong.gov.vn/thu-tuc-hanh-chinh/019d2bf7-c574-725f-9bab-f556df83548d,C:\Users\ku060\Downloads\VAIC source\data-pipeline\raw_data\3_000382\3_000382_procedure_detail.md
dang_ky_phuong_tien,Đăng ký phương tiện,3.000383,Cấp phép hoạt động đối với phương tiện giao thông thông minh tại Cục Cảnh sát giao thông,phuong_tien_thong_minh,cap_phep_hoat_dong_doi_voi_phuong_tien_giao_thong_thong_minh_tai_cuc_canh_sat_giao_thong,,Trực tuyến | Dịch vụ bưu chính | Trực tiếp,7 ngày làm việc | 7 ngày làm việc | 7 ngày làm việc,0,1,True,https://dichvucong.gov.vn/thu-tuc-hanh-chinh/019d2bf7-c55c-75df-856a-e215e76cdf65,C:\Users\ku060\Downloads\VAIC source\data-pipeline\raw_data\3_000383\3_000383_procedure_detail.md
giay_phep_lai_xe,Giấy phép lái xe,3.000346,Cấp giấy phép lái xe,cap_moi_gplx,cap_giay_phep_lai_xe,,Trực tuyến | Dịch vụ bưu chính | Trực tiếp,7 ngày | 3 ngày | 3 ngày,3,1,True,https://dichvucong.gov.vn/thu-tuc-hanh-chinh/019d2bf7-bdab-71cb-b809-61394dd0cabf,C:\Users\ku060\Downloads\VAIC source\data-pipeline\raw_data\3_000346\3_000346_procedure_detail.md
giay_phep_lai_xe,Giấy phép lái xe,3.000347,Đổi giấy phép lái xe,doi_gplx,doi_giay_phep_lai_xe,Công an cấp Xã,Trực tuyến | Trực tiếp,5 ngày làm việc | 5 ngày làm việc,0,1,True,https://dichvucong.gov.vn/thu-tuc-hanh-chinh/019d2bf7-bda8-740c-9f49-ddaae438530d,C:\Users\ku060\Downloads\VAIC source\data-pipeline\raw_data\3_000347\3_000347_procedure_detail.md
giay_phep_lai_xe,Giấy phép lái xe,3.000348,Cấp lại giấy phép lái xe,cap_lai_gplx,cap_lai_giay_phep_lai_xe,Công an cấp Xã,Trực tuyến | Trực tiếp,5 ngày làm việc | 5 ngày làm việc,0,1,True,https://dichvucong.gov.vn/thu-tuc-hanh-chinh/019d2bf7-bdb6-7217-affe-2819858d612c,C:\Users\ku060\Downloads\VAIC source\data-pipeline\raw_data\3_000348\3_000348_procedure_detail.md
giay_phep_lai_xe,Giấy phép lái xe,3.000349,Đổi giấy phép lái xe quân sự do Bộ Quốc phòng cấp,doi_gplx_quan_su,doi_giay_phep_lai_xe_quan_su_do_bo_quoc_phong_cap,Công an cấp Xã,Trực tiếp,5 ngày làm việc,0,1,True,https://dichvucong.gov.vn/thu-tuc-hanh-chinh/019d2bf7-bdb6-726d-901c-b37c0d197b8d,C:\Users\ku060\Downloads\VAIC source\data-pipeline\raw_data\3_000349\3_000349_procedure_detail.md
giay_phep_lai_xe,Giấy phép lái xe,3.000350,Đổi giấy phép lái xe Công an nhân dân,doi_gplx_cong_an,doi_giay_phep_lai_xe_cong_an_nhan_dan,Công an cấp Xã,Trực tiếp,5 ngày làm việc,0,1,True,https://dichvucong.gov.vn/thu-tuc-hanh-chinh/019d2bf7-bda8-740c-9f49-d8c9574b9e8c,C:\Users\ku060\Downloads\VAIC source\data-pipeline\raw_data\3_000350\3_000350_procedure_detail.md
giay_phep_lai_xe,Giấy phép lái xe,3.000351,Đổi giấy phép lái xe hoặc bằng lái xe của người nước ngoài,doi_gplx_nuoc_ngoai,doi_giay_phep_lai_xe_hoac_bang_lai_xe_cua_nguoi_nuoc_ngoai,Công an cấp Xã,Trực tiếp,5 ngày làm việc,0,1,True,https://dichvucong.gov.vn/thu-tuc-hanh-chinh/019d2bf7-bdb8-71ce-b6c1-a3c964a0956f,C:\Users\ku060\Downloads\VAIC source\data-pipeline\raw_data\3_000351\3_000351_procedure_detail.md
giay_phep_lai_xe,Giấy phép lái xe,3.000352,Thu hồi giấy phép lái xe,thu_hoi_gplx,thu_hoi_giay_phep_lai_xe,,Trực tiếp,5 ngày làm việc,0,1,True,https://dichvucong.gov.vn/thu-tuc-hanh-chinh/019d2bf7-bdb3-71bd-be57-c83ddb59c21e,C:\Users\ku060\Downloads\VAIC source\data-pipeline\raw_data\3_000352\3_000352_procedure_detail.md
giay_phep_lai_xe,Giấy phép lái xe,3.000353,Cấp giấy phép lái xe quốc tế,gplx_quoc_te,cap_giay_phep_lai_xe_quoc_te,,Trực tuyến | Trực tiếp,5 ngày làm việc | 5 ngày làm việc,1,1,True,https://dichvucong.gov.vn/thu-tuc-hanh-chinh/019d2bf7-bdae-722c-89a4-d9e6d20a86b1,C:\Users\ku060\Downloads\VAIC source\data-pipeline\raw_data\3_000353\3_000353_procedure_detail.md
giay_phep_lai_xe,Giấy phép lái xe,3.000355,"Cấp giấy phép sát hạch cho trung tâm sát hạch lái xe loại 1, loại 2",co_so_sat_hach,cap_giay_phep_sat_hach_cho_trung_tam_sat_hach_lai_xe_loai_1_loai_2,,Dịch vụ bưu chính | Trực tiếp,5 ngày làm việc | 5 ngày làm việc,0,1,True,https://dichvucong.gov.vn/thu-tuc-hanh-chinh/019d2bf7-bdc5-750e-82fd-552e8d66dc19,C:\Users\ku060\Downloads\VAIC source\data-pipeline\raw_data\3_000355\3_000355_procedure_detail.md
giay_phep_lai_xe,Giấy phép lái xe,3.000356,"Cấp lại giấy phép sát hạch cho trung tâm sát hạch lái xe loại 1, loại 2",co_so_sat_hach,cap_lai_giay_phep_sat_hach_cho_trung_tam_sat_hach_lai_xe_loai_1_loai_2,,Trực tiếp,3 ngày làm việc,0,1,True,https://dichvucong.gov.vn/thu-tuc-hanh-chinh/019d2bf7-bdc4-72f9-b485-27ced4a5eacb,C:\Users\ku060\Downloads\VAIC source\data-pipeline\raw_data\3_000356\3_000356_procedure_detail.md
giay_phep_lai_xe,Giấy phép lái xe,3.000357,"Thu hồi giấy phép sát hạch của trung tâm sát hạch lái xe loại 1, loại 2",co_so_sat_hach,thu_hoi_giay_phep_sat_hach_cua_trung_tam_sat_hach_lai_xe_loai_1_loai_2,,Trực tiếp,5 ngày làm việc,0,1,True,https://dichvucong.gov.vn/thu-tuc-hanh-chinh/019d2bf7-c532-77be-83cf-55d7d8164a19,C:\Users\ku060\Downloads\VAIC source\data-pipeline\raw_data\3_000357\3_000357_procedure_detail.md
giay_phep_lai_xe,Giấy phép lái xe,3.000358,Chấp thuận hoạt động của sân tập lái để sát hạch lái xe mô tô,co_so_sat_hach,chap_thuan_hoat_dong_cua_san_tap_lai_de_sat_hach_lai_xe_mo_to,,Dịch vụ bưu chính | Trực tiếp,5 ngày làm việc | 5 ngày làm việc,0,1,True,https://dichvucong.gov.vn/thu-tuc-hanh-chinh/019d2bf7-c533-7246-817e-731d04c27bce,C:\Users\ku060\Downloads\VAIC source\data-pipeline\raw_data\3_000358\3_000358_procedure_detail.md
giay_phep_lai_xe,Giấy phép lái xe,3.000359,Chấp thuận lại hoạt động của sân tập lái để sát hạch lái xe mô tô,co_so_sat_hach,chap_thuan_lai_hoat_dong_cua_san_tap_lai_de_sat_hach_lai_xe_mo_to,,Dịch vụ bưu chính | Trực tiếp,7 ngày làm việc | 3 ngày làm việc,0,1,True,https://dichvucong.gov.vn/thu-tuc-hanh-chinh/019d2bf7-c534-70f1-b6f1-66e97e0ef437,C:\Users\ku060\Downloads\VAIC source\data-pipeline\raw_data\3_000359\3_000359_procedure_detail.md
giay_phep_lai_xe,Giấy phép lái xe,3.000360,Thu hồi chấp thuận hoạt động của sân tập lái để sát hạch lái xe mô tô,co_so_sat_hach,thu_hoi_chap_thuan_hoat_dong_cua_san_tap_lai_de_sat_hach_lai_xe_mo_to,,Trực tiếp,5 ngày làm việc,0,1,True,https://dichvucong.gov.vn/thu-tuc-hanh-chinh/019d2bf7-c53b-72e8-8ff4-8729bc315736,C:\Users\ku060\Downloads\VAIC source\data-pipeline\raw_data\3_000360\3_000360_procedure_detail.md
giay_phep_lai_xe,Giấy phép lái xe,3.000361,Cấp giấy phép cho trung tâm sát hạch lái xe loại 3,co_so_sat_hach,cap_giay_phep_cho_trung_tam_sat_hach_lai_xe_loai_3,,Dịch vụ bưu chính | Trực tiếp,5 ngày làm việc | 5 ngày làm việc,0,1,True,https://dichvucong.gov.vn/thu-tuc-hanh-chinh/019d2bf7-c537-744a-a063-b9ee434c7bd0,C:\Users\ku060\Downloads\VAIC source\data-pipeline\raw_data\3_000361\3_000361_procedure_detail.md
giay_phep_lai_xe,Giấy phép lái xe,3.000362,Cấp lại giấy phép sát hạch cho trung tâm sát hạch lái xe loại 3,co_so_sat_hach,cap_lai_giay_phep_sat_hach_cho_trung_tam_sat_hach_lai_xe_loai_3,,Dịch vụ bưu chính | Trực tiếp,5 ngày làm việc | 5 ngày làm việc,0,1,True,https://dichvucong.gov.vn/thu-tuc-hanh-chinh/019d2bf7-c538-734d-9585-d1370e512bde,C:\Users\ku060\Downloads\VAIC source\data-pipeline\raw_data\3_000362\3_000362_procedure_detail.md
giay_phep_lai_xe,Giấy phép lái xe,3.000363,Thu hồi giấy phép sát hạch cho trung tâm sát hạch lái xe loại 3,co_so_sat_hach,thu_hoi_giay_phep_sat_hach_cho_trung_tam_sat_hach_lai_xe_loai_3,,Trực tiếp,5 ngày làm việc,0,1,True,https://dichvucong.gov.vn/thu-tuc-hanh-chinh/019d2bf7-c52c-741e-88e6-85a31ee80fe6,C:\Users\ku060\Downloads\VAIC source\data-pipeline\raw_data\3_000363\3_000363_procedure_detail.md
